run	task	solver	seed	rc	minutes
cartpole-direct-mujoco-s42-r1	Isaac-Cartpole-Direct	mujoco	42	0	0
cartpole-direct-mujoco-adaptive-s42-r1	Isaac-Cartpole-Direct	mujoco-adaptive	42	0	0
cartpole-mujoco-s42-r1	Isaac-Cartpole	mujoco	42	0	0
cartpole-mujoco-adaptive-s42-r1	Isaac-Cartpole	mujoco-adaptive	42	0	0
reach-franka-mujoco-s42-r1	Isaac-Reach-Franka	mujoco	42	1	0
reach-franka-mujoco-adaptive-s42-r1	Isaac-Reach-Franka	mujoco-adaptive	42	1	0
reach-ur10-mujoco-s42-r1	Isaac-Reach-UR10	mujoco	42	0	8
reach-ur10-mujoco-adaptive-s42-r1	Isaac-Reach-UR10	mujoco-adaptive	42	0	13
ant-direct-mujoco-s42-r1	Isaac-Ant-Direct	mujoco	42	0	5
ant-direct-mujoco-adaptive-s42-r1	Isaac-Ant-Direct	mujoco-adaptive	42	0	17
ant-mujoco-s42-r1	Isaac-Ant	mujoco	42	0	5
ant-mujoco-adaptive-s42-r1	Isaac-Ant	mujoco-adaptive	42	0	17
humanoid-direct-mujoco-s42-r1	Isaac-Humanoid-Direct	mujoco	42	0	7
humanoid-direct-mujoco-adaptive-s42-r1	Isaac-Humanoid-Direct	mujoco-adaptive	42	0	36
humanoid-mujoco-s42-r1	Isaac-Humanoid	mujoco	42	1	6
humanoid-mujoco-adaptive-s42-r1	Isaac-Humanoid	mujoco-adaptive	42	0	52
velocity-flat-anymald-mujoco-s42-r1	Isaac-Velocity-Flat-AnymalD	mujoco	42	0	2
velocity-flat-anymald-mujoco-adaptive-s42-r1	Isaac-Velocity-Flat-AnymalD	mujoco-adaptive	42	0	15
velocity-flat-anymalb-mujoco-s42-r1	IsaacContrib-Velocity-Flat-AnymalB	mujoco	42	0	7
velocity-flat-anymalb-mujoco-adaptive-s42-r1	IsaacContrib-Velocity-Flat-AnymalB	mujoco-adaptive	42	0	19
velocity-flat-anymalc-mujoco-s42-r1	IsaacContrib-Velocity-Flat-AnymalC	mujoco	42	0	2
velocity-flat-anymalc-mujoco-adaptive-s42-r1	IsaacContrib-Velocity-Flat-AnymalC	mujoco-adaptive	42	0	14
velocity-flat-unitreea1-mujoco-s42-r1	IsaacContrib-Velocity-Flat-UnitreeA1	mujoco	42	0	4
velocity-flat-unitreea1-mujoco-adaptive-s42-r1	IsaacContrib-Velocity-Flat-UnitreeA1	mujoco-adaptive	42	0	10
velocity-flat-unitreego1-mujoco-s42-r1	IsaacContrib-Velocity-Flat-UnitreeGo1	mujoco	42	0	15
velocity-flat-unitreego1-mujoco-adaptive-s42-r1	IsaacContrib-Velocity-Flat-UnitreeGo1	mujoco-adaptive	42	0	20
velocity-flat-unitreego2-mujoco-s42-r1	Isaac-Velocity-Flat-UnitreeGo2	mujoco	42	0	6
velocity-flat-unitreego2-mujoco-adaptive-s42-r1	Isaac-Velocity-Flat-UnitreeGo2	mujoco-adaptive	42	0	10
velocity-flat-g1-mujoco-s42-r1	Isaac-Velocity-Flat-G1	mujoco	42	0	26
velocity-flat-g1-mujoco-adaptive-s42-r1	Isaac-Velocity-Flat-G1	mujoco-adaptive	42	0	200
velocity-flat-h1-mujoco-s42-r1	Isaac-Velocity-Flat-H1	mujoco	42	0	15
velocity-flat-h1-mujoco-adaptive-s42-r1	Isaac-Velocity-Flat-H1	mujoco-adaptive	42	0	36
reorient-cube-allegro-direct-mujoco-s42-r1	Isaac-Reorient-Cube-Allegro-Direct	mujoco	42	0	172
reach-franka-mujoco-s42-r1	Isaac-Reach-Franka	mujoco	42	130	0
reach-franka-mujoco-adaptive-s42-r1	Isaac-Reach-Franka	mujoco-adaptive	42	1	0
humanoid-mujoco-s42-r1	Isaac-Humanoid	mujoco	42	1	1
reorient-cube-allegro-direct-mujoco-adaptive-s42-r1	Isaac-Reorient-Cube-Allegro-Direct	mujoco-adaptive	42	130	72
reorient-cube-allegro-direct-mujoco-adaptive-s42-r1	Isaac-Reorient-Cube-Allegro-Direct	mujoco-adaptive	42	1	3
cartpole-direct-mujoco-s43-r1	Isaac-Cartpole-Direct	mujoco	43	0	0
cartpole-direct-mujoco-adaptive-s43-r1	Isaac-Cartpole-Direct	mujoco-adaptive	43	0	0
cartpole-mujoco-s43-r1	Isaac-Cartpole	mujoco	43	0	0
cartpole-mujoco-adaptive-s43-r1	Isaac-Cartpole	mujoco-adaptive	43	0	0
reach-ur10-mujoco-s43-r1	Isaac-Reach-UR10	mujoco	43	0	8
reach-ur10-mujoco-adaptive-s43-r1	Isaac-Reach-UR10	mujoco-adaptive	43	0	13
ant-direct-mujoco-s43-r1	Isaac-Ant-Direct	mujoco	43	0	5
ant-direct-mujoco-adaptive-s43-r1	Isaac-Ant-Direct	mujoco-adaptive	43	0	15
ant-mujoco-s43-r1	Isaac-Ant	mujoco	43	0	5
ant-mujoco-adaptive-s43-r1	Isaac-Ant	mujoco-adaptive	43	0	17
humanoid-direct-mujoco-s43-r1	Isaac-Humanoid-Direct	mujoco	43	0	7
humanoid-direct-mujoco-adaptive-s43-r1	Isaac-Humanoid-Direct	mujoco-adaptive	43	0	37
humanoid-mujoco-s43-r1	Isaac-Humanoid	mujoco	43	1	5
humanoid-mujoco-adaptive-s43-r1	Isaac-Humanoid	mujoco-adaptive	43	0	50
velocity-flat-anymald-mujoco-s43-r1	Isaac-Velocity-Flat-AnymalD	mujoco	43	0	2
velocity-flat-anymald-mujoco-adaptive-s43-r1	Isaac-Velocity-Flat-AnymalD	mujoco-adaptive	43	0	15
velocity-flat-anymalb-mujoco-s43-r1	IsaacContrib-Velocity-Flat-AnymalB	mujoco	43	0	7
velocity-flat-anymalb-mujoco-adaptive-s43-r1	IsaacContrib-Velocity-Flat-AnymalB	mujoco-adaptive	43	0	19
velocity-flat-anymalc-mujoco-s43-r1	IsaacContrib-Velocity-Flat-AnymalC	mujoco	43	0	2
velocity-flat-anymalc-mujoco-adaptive-s43-r1	IsaacContrib-Velocity-Flat-AnymalC	mujoco-adaptive	43	0	14
velocity-flat-unitreea1-mujoco-s43-r1	IsaacContrib-Velocity-Flat-UnitreeA1	mujoco	43	0	4
velocity-flat-unitreea1-mujoco-adaptive-s43-r1	IsaacContrib-Velocity-Flat-UnitreeA1	mujoco-adaptive	43	0	9
velocity-flat-unitreego1-mujoco-s43-r1	IsaacContrib-Velocity-Flat-UnitreeGo1	mujoco	43	0	15
velocity-flat-unitreego1-mujoco-adaptive-s43-r1	IsaacContrib-Velocity-Flat-UnitreeGo1	mujoco-adaptive	43	0	20
velocity-flat-unitreego2-mujoco-s43-r1	Isaac-Velocity-Flat-UnitreeGo2	mujoco	43	0	6
velocity-flat-unitreego2-mujoco-adaptive-s43-r1	Isaac-Velocity-Flat-UnitreeGo2	mujoco-adaptive	43	0	10
velocity-flat-g1-mujoco-s43-r1	Isaac-Velocity-Flat-G1	mujoco	43	0	26
velocity-flat-g1-mujoco-adaptive-s43-r1	Isaac-Velocity-Flat-G1	mujoco-adaptive	43	0	204
velocity-flat-h1-mujoco-s43-r1	Isaac-Velocity-Flat-H1	mujoco	43	0	15
velocity-flat-h1-mujoco-adaptive-s43-r1	Isaac-Velocity-Flat-H1	mujoco-adaptive	43	0	37
cartpole-direct-mujoco-s44-r1	Isaac-Cartpole-Direct	mujoco	44	0	0
cartpole-direct-mujoco-adaptive-s44-r1	Isaac-Cartpole-Direct	mujoco-adaptive	44	0	0
cartpole-mujoco-s44-r1	Isaac-Cartpole	mujoco	44	0	0
cartpole-mujoco-adaptive-s44-r1	Isaac-Cartpole	mujoco-adaptive	44	0	0
reach-ur10-mujoco-s44-r1	Isaac-Reach-UR10	mujoco	44	0	8
reach-ur10-mujoco-adaptive-s44-r1	Isaac-Reach-UR10	mujoco-adaptive	44	0	13
ant-direct-mujoco-s44-r1	Isaac-Ant-Direct	mujoco	44	0	5
ant-direct-mujoco-adaptive-s44-r1	Isaac-Ant-Direct	mujoco-adaptive	44	0	15
ant-mujoco-s44-r1	Isaac-Ant	mujoco	44	0	5
ant-mujoco-adaptive-s44-r1	Isaac-Ant	mujoco-adaptive	44	0	16
humanoid-direct-mujoco-s44-r1	Isaac-Humanoid-Direct	mujoco	44	0	7
humanoid-direct-mujoco-adaptive-s44-r1	Isaac-Humanoid-Direct	mujoco-adaptive	44	0	36
humanoid-mujoco-s44-r1	Isaac-Humanoid	mujoco	44	1	4
humanoid-mujoco-adaptive-s44-r1	Isaac-Humanoid	mujoco-adaptive	44	0	52
velocity-flat-anymald-mujoco-s44-r1	Isaac-Velocity-Flat-AnymalD	mujoco	44	0	2
velocity-flat-anymald-mujoco-adaptive-s44-r1	Isaac-Velocity-Flat-AnymalD	mujoco-adaptive	44	0	15
velocity-flat-anymalb-mujoco-s44-r1	IsaacContrib-Velocity-Flat-AnymalB	mujoco	44	0	7
velocity-flat-anymalb-mujoco-adaptive-s44-r1	IsaacContrib-Velocity-Flat-AnymalB	mujoco-adaptive	44	0	19
velocity-flat-anymalc-mujoco-s44-r1	IsaacContrib-Velocity-Flat-AnymalC	mujoco	44	0	2
velocity-flat-anymalc-mujoco-adaptive-s44-r1	IsaacContrib-Velocity-Flat-AnymalC	mujoco-adaptive	44	0	14
velocity-flat-unitreea1-mujoco-s44-r1	IsaacContrib-Velocity-Flat-UnitreeA1	mujoco	44	0	4
velocity-flat-unitreea1-mujoco-adaptive-s44-r1	IsaacContrib-Velocity-Flat-UnitreeA1	mujoco-adaptive	44	0	10
velocity-flat-unitreego1-mujoco-s44-r1	IsaacContrib-Velocity-Flat-UnitreeGo1	mujoco	44	0	15
velocity-flat-unitreego1-mujoco-adaptive-s44-r1	IsaacContrib-Velocity-Flat-UnitreeGo1	mujoco-adaptive	44	0	20
velocity-flat-unitreego2-mujoco-s44-r1	Isaac-Velocity-Flat-UnitreeGo2	mujoco	44	0	6
velocity-flat-unitreego2-mujoco-adaptive-s44-r1	Isaac-Velocity-Flat-UnitreeGo2	mujoco-adaptive	44	0	10
velocity-flat-g1-mujoco-s44-r1	Isaac-Velocity-Flat-G1	mujoco	44	0	26
velocity-flat-g1-mujoco-adaptive-s44-r1	Isaac-Velocity-Flat-G1	mujoco-adaptive	44	0	205
velocity-flat-h1-mujoco-s44-r1	Isaac-Velocity-Flat-H1	mujoco	44	0	15
velocity-flat-h1-mujoco-adaptive-s44-r1	Isaac-Velocity-Flat-H1	mujoco-adaptive	44	0	37
cartpole-direct-mujoco-s45-r1	Isaac-Cartpole-Direct	mujoco	45	0	0
cartpole-direct-mujoco-adaptive-s45-r1	Isaac-Cartpole-Direct	mujoco-adaptive	45	0	0
cartpole-mujoco-s45-r1	Isaac-Cartpole	mujoco	45	0	0
cartpole-mujoco-adaptive-s45-r1	Isaac-Cartpole	mujoco-adaptive	45	0	0
reach-ur10-mujoco-s45-r1	Isaac-Reach-UR10	mujoco	45	0	9
reach-ur10-mujoco-adaptive-s45-r1	Isaac-Reach-UR10	mujoco-adaptive	45	0	13
ant-direct-mujoco-s45-r1	Isaac-Ant-Direct	mujoco	45	0	5
ant-direct-mujoco-adaptive-s45-r1	Isaac-Ant-Direct	mujoco-adaptive	45	0	16
ant-mujoco-s45-r1	Isaac-Ant	mujoco	45	0	5
ant-mujoco-adaptive-s45-r1	Isaac-Ant	mujoco-adaptive	45	0	16
humanoid-direct-mujoco-s45-r1	Isaac-Humanoid-Direct	mujoco	45	0	7
humanoid-direct-mujoco-adaptive-s45-r1	Isaac-Humanoid-Direct	mujoco-adaptive	45	0	34
humanoid-mujoco-s45-r1	Isaac-Humanoid	mujoco	45	1	5
humanoid-mujoco-adaptive-s45-r1	Isaac-Humanoid	mujoco-adaptive	45	0	50
velocity-flat-anymald-mujoco-s45-r1	Isaac-Velocity-Flat-AnymalD	mujoco	45	0	2
velocity-flat-anymald-mujoco-adaptive-s45-r1	Isaac-Velocity-Flat-AnymalD	mujoco-adaptive	45	0	15
velocity-flat-anymalb-mujoco-s45-r1	IsaacContrib-Velocity-Flat-AnymalB	mujoco	45	0	7
velocity-flat-anymalb-mujoco-adaptive-s45-r1	IsaacContrib-Velocity-Flat-AnymalB	mujoco-adaptive	45	0	19
velocity-flat-anymalc-mujoco-s45-r1	IsaacContrib-Velocity-Flat-AnymalC	mujoco	45	0	2
velocity-flat-anymalc-mujoco-adaptive-s45-r1	IsaacContrib-Velocity-Flat-AnymalC	mujoco-adaptive	45	0	15
velocity-flat-unitreea1-mujoco-s45-r1	IsaacContrib-Velocity-Flat-UnitreeA1	mujoco	45	0	4
velocity-flat-unitreea1-mujoco-adaptive-s45-r1	IsaacContrib-Velocity-Flat-UnitreeA1	mujoco-adaptive	45	0	10
velocity-flat-unitreego1-mujoco-s45-r1	IsaacContrib-Velocity-Flat-UnitreeGo1	mujoco	45	0	15
velocity-flat-unitreego1-mujoco-adaptive-s45-r1	IsaacContrib-Velocity-Flat-UnitreeGo1	mujoco-adaptive	45	0	20
velocity-flat-unitreego2-mujoco-s45-r1	Isaac-Velocity-Flat-UnitreeGo2	mujoco	45	0	6
velocity-flat-unitreego2-mujoco-adaptive-s45-r1	Isaac-Velocity-Flat-UnitreeGo2	mujoco-adaptive	45	0	10
velocity-flat-g1-mujoco-s45-r1	Isaac-Velocity-Flat-G1	mujoco	45	0	26
velocity-flat-g1-mujoco-adaptive-s45-r1	Isaac-Velocity-Flat-G1	mujoco-adaptive	45	0	202
velocity-flat-h1-mujoco-s45-r1	Isaac-Velocity-Flat-H1	mujoco	45	0	15
velocity-flat-h1-mujoco-adaptive-s45-r1	Isaac-Velocity-Flat-H1	mujoco-adaptive	45	0	36
cartpole-direct-mujoco-s46-r1	Isaac-Cartpole-Direct	mujoco	46	0	0
cartpole-direct-mujoco-adaptive-s46-r1	Isaac-Cartpole-Direct	mujoco-adaptive	46	0	0
cartpole-mujoco-s46-r1	Isaac-Cartpole	mujoco	46	0	0
cartpole-mujoco-adaptive-s46-r1	Isaac-Cartpole	mujoco-adaptive	46	0	0
reach-ur10-mujoco-s46-r1	Isaac-Reach-UR10	mujoco	46	0	8
reach-ur10-mujoco-adaptive-s46-r1	Isaac-Reach-UR10	mujoco-adaptive	46	0	13
ant-direct-mujoco-s46-r1	Isaac-Ant-Direct	mujoco	46	0	5
ant-direct-mujoco-adaptive-s46-r1	Isaac-Ant-Direct	mujoco-adaptive	46	0	16
ant-mujoco-s46-r1	Isaac-Ant	mujoco	46	0	5
ant-mujoco-adaptive-s46-r1	Isaac-Ant	mujoco-adaptive	46	0	16
humanoid-direct-mujoco-s46-r1	Isaac-Humanoid-Direct	mujoco	46	0	7
humanoid-direct-mujoco-adaptive-s46-r1	Isaac-Humanoid-Direct	mujoco-adaptive	46	0	37
humanoid-mujoco-s46-r1	Isaac-Humanoid	mujoco	46	1	6
humanoid-mujoco-adaptive-s46-r1	Isaac-Humanoid	mujoco-adaptive	46	0	50
velocity-flat-anymald-mujoco-s46-r1	Isaac-Velocity-Flat-AnymalD	mujoco	46	0	2
velocity-flat-anymald-mujoco-adaptive-s46-r1	Isaac-Velocity-Flat-AnymalD	mujoco-adaptive	46	0	15
velocity-flat-anymalb-mujoco-s46-r1	IsaacContrib-Velocity-Flat-AnymalB	mujoco	46	0	7
velocity-flat-anymalb-mujoco-adaptive-s46-r1	IsaacContrib-Velocity-Flat-AnymalB	mujoco-adaptive	46	0	19
velocity-flat-anymalc-mujoco-s46-r1	IsaacContrib-Velocity-Flat-AnymalC	mujoco	46	0	2
velocity-flat-anymalc-mujoco-adaptive-s46-r1	IsaacContrib-Velocity-Flat-AnymalC	mujoco-adaptive	46	0	14
velocity-flat-unitreea1-mujoco-s46-r1	IsaacContrib-Velocity-Flat-UnitreeA1	mujoco	46	0	4
velocity-flat-unitreea1-mujoco-adaptive-s46-r1	IsaacContrib-Velocity-Flat-UnitreeA1	mujoco-adaptive	46	0	10
velocity-flat-unitreego1-mujoco-s46-r1	IsaacContrib-Velocity-Flat-UnitreeGo1	mujoco	46	0	15
velocity-flat-unitreego1-mujoco-adaptive-s46-r1	IsaacContrib-Velocity-Flat-UnitreeGo1	mujoco-adaptive	46	0	20
velocity-flat-unitreego2-mujoco-s46-r1	Isaac-Velocity-Flat-UnitreeGo2	mujoco	46	0	6
velocity-flat-unitreego2-mujoco-adaptive-s46-r1	Isaac-Velocity-Flat-UnitreeGo2	mujoco-adaptive	46	0	10
velocity-flat-g1-mujoco-s46-r1	Isaac-Velocity-Flat-G1	mujoco	46	0	26
velocity-flat-g1-mujoco-adaptive-s46-r1	Isaac-Velocity-Flat-G1	mujoco-adaptive	46	0	201
velocity-flat-h1-mujoco-s46-r1	Isaac-Velocity-Flat-H1	mujoco	46	0	15
velocity-flat-h1-mujoco-adaptive-s46-r1	Isaac-Velocity-Flat-H1	mujoco-adaptive	46	0	37
reorient-cube-allegro-direct-mujoco-adaptive-s42-r1	Isaac-Reorient-Cube-Allegro-Direct	mujoco-adaptive	42	0	2510
humanoid-mujoco-s43-r1	Isaac-Humanoid	mujoco	43	130	2
humanoid-mujoco-s44-r1	Isaac-Humanoid	mujoco	44	130	0
humanoid-mujoco-s45-r1	Isaac-Humanoid	mujoco	45	130	0
lift-kukaallegro-mujoco-s42-r1	Isaac-Lift-KukaAllegro	mujoco	42	143	331
reorient-cube-allegro-direct-mujoco-s42-r1	Isaac-Reorient-Cube-Allegro-Direct	mujoco	42	0	174
reorient-cube-allegro-direct-mujoco-adaptive-s42-r1	Isaac-Reorient-Cube-Allegro-Direct	mujoco-adaptive	42	0	2184
lift-kukaallegro-mujoco-s42-r1	Isaac-Lift-KukaAllegro	mujoco	42	1	0
lift-kukaallegro-mujoco-adaptive-s42-r1	Isaac-Lift-KukaAllegro	mujoco-adaptive	42	1	1
reorient-cube-allegro-direct-mujoco-s43-r1	Isaac-Reorient-Cube-Allegro-Direct	mujoco	43	1	0
reorient-cube-allegro-direct-mujoco-adaptive-s43-r1	Isaac-Reorient-Cube-Allegro-Direct	mujoco-adaptive	43	1	0
lift-kukaallegro-mujoco-s43-r1	Isaac-Lift-KukaAllegro	mujoco	43	1	0
lift-kukaallegro-mujoco-adaptive-s43-r1	Isaac-Lift-KukaAllegro	mujoco-adaptive	43	1	1
reorient-cube-allegro-direct-mujoco-s44-r1	Isaac-Reorient-Cube-Allegro-Direct	mujoco	44	1	3
reorient-cube-allegro-direct-mujoco-adaptive-s44-r1	Isaac-Reorient-Cube-Allegro-Direct	mujoco-adaptive	44	1	1
lift-kukaallegro-mujoco-s44-r1	Isaac-Lift-KukaAllegro	mujoco	44	1	1
lift-kukaallegro-mujoco-adaptive-s44-r1	Isaac-Lift-KukaAllegro	mujoco-adaptive	44	1	1
reorient-cube-allegro-direct-mujoco-s45-r1	Isaac-Reorient-Cube-Allegro-Direct	mujoco	45	1	1
reorient-cube-allegro-direct-mujoco-adaptive-s45-r1	Isaac-Reorient-Cube-Allegro-Direct	mujoco-adaptive	45	1	1
lift-kukaallegro-mujoco-s45-r1	Isaac-Lift-KukaAllegro	mujoco	45	1	0
lift-kukaallegro-mujoco-adaptive-s45-r1	Isaac-Lift-KukaAllegro	mujoco-adaptive	45	1	0
reorient-cube-allegro-direct-mujoco-s46-r1	Isaac-Reorient-Cube-Allegro-Direct	mujoco	46	1	0
reorient-cube-allegro-direct-mujoco-adaptive-s46-r1	Isaac-Reorient-Cube-Allegro-Direct	mujoco-adaptive	46	1	1
lift-kukaallegro-mujoco-s46-r1	Isaac-Lift-KukaAllegro	mujoco	46	1	1
lift-kukaallegro-mujoco-adaptive-s46-r1	Isaac-Lift-KukaAllegro	mujoco-adaptive	46	1	0
cartpole-direct-mujoco-s42-calib	Isaac-Cartpole-Direct	mujoco	42	0	0
cartpole-direct-mujoco-adaptive-s42-calib	Isaac-Cartpole-Direct	mujoco-adaptive	42	0	0
reorient-cube-allegro-direct-mujoco-s42-calib	Isaac-Reorient-Cube-Allegro-Direct	mujoco	42	0	0
reorient-cube-allegro-direct-mujoco-adaptive-s42-calib	Isaac-Reorient-Cube-Allegro-Direct	mujoco-adaptive	42	1	0
lift-kukaallegro-mujoco-s42-calib	Isaac-Lift-KukaAllegro	mujoco	42	0	0
lift-kukaallegro-mujoco-adaptive-s42-calib	Isaac-Lift-KukaAllegro	mujoco-adaptive	42	0	0
reorient-cube-allegro-direct-mujoco-adaptive-s42-nan1.0	Isaac-Reorient-Cube-Allegro-Direct	mujoco-adaptive	42	0	1
reorient-cube-allegro-direct-mujoco-adaptive-s42-nan0.95	Isaac-Reorient-Cube-Allegro-Direct	mujoco-adaptive	42	0	0
reorient-cube-allegro-direct-mujoco-adaptive-s42-r1.0x1	Isaac-Reorient-Cube-Allegro-Direct	mujoco-adaptive	42	0	1
reorient-cube-allegro-direct-mujoco-adaptive-s43-r1.0x2	Isaac-Reorient-Cube-Allegro-Direct	mujoco-adaptive	43	0	1
reorient-cube-allegro-direct-mujoco-adaptive-s44-r1.0x3	Isaac-Reorient-Cube-Allegro-Direct	mujoco-adaptive	44	0	1
reorient-cube-allegro-direct-mujoco-adaptive-s45-r1.0x4	Isaac-Reorient-Cube-Allegro-Direct	mujoco-adaptive	45	0	1
reorient-cube-allegro-direct-mujoco-adaptive-s42-r0.95x1	Isaac-Reorient-Cube-Allegro-Direct	mujoco-adaptive	42	0	0
reorient-cube-allegro-direct-mujoco-adaptive-s43-r0.95x2	Isaac-Reorient-Cube-Allegro-Direct	mujoco-adaptive	43	0	0
reorient-cube-allegro-direct-mujoco-adaptive-s44-r0.95x3	Isaac-Reorient-Cube-Allegro-Direct	mujoco-adaptive	44	0	0
reorient-cube-allegro-direct-mujoco-adaptive-s45-r0.95x4	Isaac-Reorient-Cube-Allegro-Direct	mujoco-adaptive	45	0	0
