scheme,protocol,accuracy,n_worlds,makespan_s,ms_per_world,march_compact,compact_width,solver_commit
icf-adaptive-gpu,warm0.2s_time20x0.1s_makespan,0.001,1024,29.5,28.81,1,256,0892f58
icf-adaptive-gpu,warm0.2s_time20x0.1s_makespan,0.001,2048,48.7,23.78,1,512,0892f58
icf-adaptive-gpu,warm0.2s_time20x0.1s_makespan,0.001,4096,86.1,21.02,1,1024,0892f58
icf-adaptive-gpu,warm0.2s_time20x0.1s_makespan,0.001,8192,159.5,19.47,1,2048,0892f58
icf-adaptive-gpu,warm0.2s_time20x0.1s_makespan,0.001,16384,304.0,18.55,1,4096,0892f58
icf-adaptive-gpu,warm0.2s_time20x0.1s_makespan,0.001,4096,71.7,17.51,1,1024,018b1ad
icf-adaptive-gpu,warm0.2s_time20x0.1s_makespan,0.001,8192,135.7,16.57,1,2048,018b1ad
icf-adaptive-gpu,warm0.2s_time20x0.1s_makespan,0.001,16384,263.3,16.07,1,4096,018b1ad
icf-adaptive-gpu,warm0.2s_time20x0.1s_makespan,0.001,1024,25.3,24.71,1,256,8552b4d
icf-adaptive-gpu,warm0.2s_time20x0.1s_makespan,0.001,2048,38.1,18.60,1,512,8552b4d
icf-adaptive-gpu,warm0.2s_time20x0.1s_makespan,0.001,4096,64.4,15.72,1,1024,8552b4d
icf-adaptive-gpu,warm0.2s_time20x0.1s_makespan,0.001,8192,115.3,14.07,1,2048,8552b4d
icf-adaptive-gpu,warm0.2s_time20x0.1s_makespan,0.001,16384,214.9,13.12,1,4096,8552b4d
icf-adaptive-gpu,warm0.2s_time20x0.1s_makespan,0.001,1024,17.4,16.99,1,256,52ac4c5
icf-adaptive-gpu,warm0.2s_time20x0.1s_makespan,0.001,2048,27.4,13.38,1,512,52ac4c5
icf-adaptive-gpu,warm0.2s_time20x0.1s_makespan,0.001,4096,46.4,11.33,1,1024,52ac4c5
icf-adaptive-gpu,warm0.2s_time20x0.1s_makespan,0.001,8192,85.3,10.41,1,2048,52ac4c5
icf-adaptive-gpu,warm0.2s_time20x0.1s_makespan,0.001,16384,160.8,9.81,1,4096,52ac4c5
icf-adaptive-gpu,warm0.2s_time20x0.1s_makespan,0.001,1024,15.6,15.23,1,256,543879b
icf-adaptive-gpu,warm0.2s_time20x0.1s_makespan,0.001,2048,24.8,12.11,1,512,543879b
icf-adaptive-gpu,warm0.2s_time20x0.1s_makespan,0.001,4096,42.5,10.38,1,1024,543879b
icf-adaptive-gpu,warm0.2s_time20x0.1s_makespan,0.001,8192,79.1,9.66,1,2048,543879b
icf-adaptive-gpu,warm0.2s_time20x0.1s_makespan,0.001,16384,147.9,9.03,1,4096,543879b
icf-adaptive-gpu,warm0.2s_time20x0.1s_makespan,0.001,1,1.2,1236.88,1,1,e2f39c4
icf-adaptive-gpu,warm0.2s_time20x0.1s_makespan,0.001,2,2.5,1250.77,1,1,e2f39c4
icf-adaptive-gpu,warm0.2s_time20x0.1s_makespan,0.001,4,2.9,713.97,1,2,e2f39c4
icf-adaptive-gpu,warm0.2s_time20x0.1s_makespan,0.001,8,3.6,449.47,1,4,e2f39c4
icf-adaptive-gpu,warm0.2s_time20x0.1s_makespan,0.001,16,4.3,266.29,1,8,e2f39c4
icf-adaptive-gpu,warm0.2s_time20x0.1s_makespan,0.001,32,5.6,174.92,1,16,e2f39c4
icf-adaptive-gpu,warm0.2s_time20x0.1s_makespan,0.001,64,6.3,97.83,1,32,e2f39c4
icf-adaptive-gpu,warm0.2s_time20x0.1s_makespan,0.001,128,7.7,60.04,1,64,e2f39c4
icf-adaptive-gpu,warm0.2s_time20x0.1s_makespan,0.001,256,9.1,35.53,1,64,e2f39c4
icf-adaptive-gpu,warm0.2s_time20x0.1s_makespan,0.001,512,11.4,22.25,1,128,e2f39c4
icf-adaptive-gpu,warm0.2s_time20x0.1s_makespan,0.001,1024,15.6,15.21,1,256,e2f39c4
icf-adaptive-gpu,warm0.2s_time20x0.1s_makespan,0.001,2048,25.1,12.24,1,512,e2f39c4
icf-adaptive-gpu,warm0.2s_time20x0.1s_makespan,0.001,4096,42.7,10.42,1,1024,e2f39c4
icf-adaptive-gpu,warm0.2s_time20x0.1s_makespan,0.001,8192,77.5,9.46,1,2048,e2f39c4
icf-adaptive-gpu,warm0.2s_time20x0.1s_makespan,0.001,16384,147.6,9.01,1,4096,e2f39c4
icf-adaptive-gpu,warm0.2s_time20x0.1s_makespan,0.001,1,1.2,1169.26,1,1,0fca334
icf-adaptive-gpu,warm0.2s_time20x0.1s_makespan,0.001,2,2.5,1237.93,1,1,0fca334
icf-adaptive-gpu,warm0.2s_time20x0.1s_makespan,0.001,4,2.9,719.11,1,2,0fca334
icf-adaptive-gpu,warm0.2s_time20x0.1s_makespan,0.001,8,4.0,494.9,1,4,0fca334
icf-adaptive-gpu,warm0.2s_time20x0.1s_makespan,0.001,16,4.7,291.03,1,8,0fca334
icf-adaptive-gpu,warm0.2s_time20x0.1s_makespan,0.001,32,5.5,172.35,1,16,0fca334
icf-adaptive-gpu,warm0.2s_time20x0.1s_makespan,0.001,64,6.5,101.65,1,32,0fca334
icf-adaptive-gpu,warm0.2s_time20x0.1s_makespan,0.001,128,7.5,58.68,1,64,0fca334
icf-adaptive-gpu,warm0.2s_time20x0.1s_makespan,0.001,256,9.1,35.44,1,64,0fca334
icf-adaptive-gpu,warm0.2s_time20x0.1s_makespan,0.001,512,11.5,22.4,1,128,0fca334
icf-adaptive-gpu,warm0.2s_time20x0.1s_makespan,0.001,1024,15.6,15.21,1,256,0fca334
icf-adaptive-gpu,warm0.2s_time20x0.1s_makespan,0.001,2048,23.9,11.68,1,512,0fca334
icf-adaptive-gpu,warm0.2s_time20x0.1s_makespan,0.001,4096,40.1,9.79,1,1024,0fca334
icf-adaptive-gpu,warm0.2s_time20x0.1s_makespan,0.001,8192,73.3,8.94,1,2048,0fca334
icf-adaptive-gpu,warm0.2s_time20x0.1s_makespan,0.001,16384,137.6,8.4,1,4096,0fca334
